scenario	profile	round	log_path	total_execution_ms
A	before	1	/Users/panyihang/Documents/EchoIsle/docs/consistency_reports/api066_replay_actions_perf_20260409_dryrun/before/A/round_1.log	0.000000
A	after	1	/Users/panyihang/Documents/EchoIsle/docs/consistency_reports/api066_replay_actions_perf_20260409_dryrun/after/A/round_1.log	0.000000
A	before	2	/Users/panyihang/Documents/EchoIsle/docs/consistency_reports/api066_replay_actions_perf_20260409_dryrun/before/A/round_2.log	0.000000
A	after	2	/Users/panyihang/Documents/EchoIsle/docs/consistency_reports/api066_replay_actions_perf_20260409_dryrun/after/A/round_2.log	0.000000
A	before	3	/Users/panyihang/Documents/EchoIsle/docs/consistency_reports/api066_replay_actions_perf_20260409_dryrun/before/A/round_3.log	0.000000
A	after	3	/Users/panyihang/Documents/EchoIsle/docs/consistency_reports/api066_replay_actions_perf_20260409_dryrun/after/A/round_3.log	0.000000
B	before	1	/Users/panyihang/Documents/EchoIsle/docs/consistency_reports/api066_replay_actions_perf_20260409_dryrun/before/B/round_1.log	0.000000
B	after	1	/Users/panyihang/Documents/EchoIsle/docs/consistency_reports/api066_replay_actions_perf_20260409_dryrun/after/B/round_1.log	0.000000
B	before	2	/Users/panyihang/Documents/EchoIsle/docs/consistency_reports/api066_replay_actions_perf_20260409_dryrun/before/B/round_2.log	0.000000
B	after	2	/Users/panyihang/Documents/EchoIsle/docs/consistency_reports/api066_replay_actions_perf_20260409_dryrun/after/B/round_2.log	0.000000
B	before	3	/Users/panyihang/Documents/EchoIsle/docs/consistency_reports/api066_replay_actions_perf_20260409_dryrun/before/B/round_3.log	0.000000
B	after	3	/Users/panyihang/Documents/EchoIsle/docs/consistency_reports/api066_replay_actions_perf_20260409_dryrun/after/B/round_3.log	0.000000
C	before	1	/Users/panyihang/Documents/EchoIsle/docs/consistency_reports/api066_replay_actions_perf_20260409_dryrun/before/C/round_1.log	0.000000
C	after	1	/Users/panyihang/Documents/EchoIsle/docs/consistency_reports/api066_replay_actions_perf_20260409_dryrun/after/C/round_1.log	0.000000
C	before	2	/Users/panyihang/Documents/EchoIsle/docs/consistency_reports/api066_replay_actions_perf_20260409_dryrun/before/C/round_2.log	0.000000
C	after	2	/Users/panyihang/Documents/EchoIsle/docs/consistency_reports/api066_replay_actions_perf_20260409_dryrun/after/C/round_2.log	0.000000
C	before	3	/Users/panyihang/Documents/EchoIsle/docs/consistency_reports/api066_replay_actions_perf_20260409_dryrun/before/C/round_3.log	0.000000
C	after	3	/Users/panyihang/Documents/EchoIsle/docs/consistency_reports/api066_replay_actions_perf_20260409_dryrun/after/C/round_3.log	0.000000
